Carol,Austen,Carol Austen.png
David,Mitchell,David Mitchell.png
Eric,Stock,Eric Stock.png
George,Pace,George Pace.png
James,Powell,James Powell.png
John,Meyer,John Meyer.png
Mary,Jane,Mary Jane.png
Michael,Harper,Michael Harper.png
Nancy,Fross,Nancy Fross.png
Paul,Ford,Paul Ford.png
Philip,Sipling,Philip Sipling.png
Ralph,Ingersoll,Ralph Ingersoll.png
Richard,Fischer,Richard Fischer.png
Robert,Jackson,Robert Jackson.png
Ronald,Lankston,Ronald Lankston.png
Sandra,Mathes,Sandra Mathes.png
Scott,Wright,Scott Wright.png
Stephen,Knab,Stephen Knab.png
Steven,Rowell,Steven Rowell.png
Thomas,Jensen,Thomas Jensen.png